,student_id,name,age,gender,course,enrollment_date,final_grade,is_intern
0,S0001,Student_1,30,FEMALE,Data Science,2023-03-22,97,No
1,S0002,Student_2,33,FEMALE,Data Science,2023-01-29,64,No
2,S0003,Student_3,39,FEMALE,Data Engineering,2023-12-24,97,No
3,S0004,Student_4,18,MALE,Data Engineering,2023-01-09,89,No
4,S0005,Student_5,21,FEMALE,Cloud Computing,2023-05-26,65,No
5,S0006,Student_6,21,FEMALE,Data Engineering,2023-08-29,74,No
6,S0007,Student_7,25,MALE,Ai Fundamentals,2023-08-25,64,No
7,S0008,Student_8,27,FEMALE,Ai Fundamentals,2023-08-09,60,No
8,S0009,Student_9,37,MALE,Ai Fundamentals,2023-06-03,54,No
9,S0010,Student_10,39,MALE,Ai Fundamentals,2023-12-17,70,No
10,S0011,Student_11,36,MALE,Ai Fundamentals,2023-05-04,91,No
11,S0012,Student_12,22,MALE,Cloud Computing,2023-04-12,90,No
12,S0013,Student_13,41,FEMALE,Ai Fundamentals,2023-07-07,61,No
13,S0014,Student_14,24,FEMALE,Cloud Computing,2023-03-01,79,No
14,S0015,Student_15,42,FEMALE,Data Science,2023-07-06,53,No
15,S0016,Student_16,42,FEMALE,Data Science,2023-10-02,94,No
16,S0017,Student_17,30,FEMALE,Data Engineering,2023-01-13,76,No
17,S0018,Student_18,44,MALE,Ai Fundamentals,2023-10-11,77,No
18,S0019,Student_19,19,FEMALE,Data Science,2023-01-11,52,No
19,S0020,Student_20,24,MALE,Cloud Computing,2023-09-30,52,No
20,S0021,Student_21,25,FEMALE,Cloud Computing,2023-10-11,73,No
21,S0022,Student_22,41,FEMALE,Cloud Computing,2023-05-05,95,No
22,S0023,Student_23,32,FEMALE,Data Engineering,2023-09-20,78,No
23,S0024,Student_24,42,FEMALE,Cloud Computing,2023-01-01,68,No
24,S0025,Student_25,35,FEMALE,Data Engineering,2023-01-08,97,No
25,S0026,Student_26,23,MALE,Cloud Computing,2023-06-03,51,No
26,S0027,Student_27,43,MALE,Data Engineering,2023-03-09,54,No
27,S0028,Student_28,31,FEMALE,Data Engineering,2023-11-12,86,No
28,S0029,Student_29,26,FEMALE,Data Science,2023-09-06,67,No
29,S0030,Student_30,27,MALE,Data Science,2023-08-02,74,No
30,S0031,Student_31,38,MALE,Cloud Computing,2023-04-24,75,No
31,S0032,Student_32,37,FEMALE,Data Science,2023-09-04,93,No
32,S0033,Student_33,34,FEMALE,Data Engineering,2023-07-20,62,No
33,S0034,Student_34,37,FEMALE,Data Engineering,2023-04-22,84,No
34,S0035,Student_35,23,FEMALE,Ai Fundamentals,2023-06-16,71,No
35,S0036,Student_36,33,MALE,Ai Fundamentals,2023-06-14,100,No
36,S0037,Student_37,33,MALE,Data Engineering,2023-03-10,59,No
37,S0038,Student_38,18,MALE,Data Science,2023-04-02,86,No
38,S0039,Student_39,36,MALE,Data Engineering,2023-09-27,93,No
39,S0040,Student_40,21,MALE,Cloud Computing,2023-05-22,91,No
40,S0041,Student_41,42,MALE,Ai Fundamentals,2023-11-25,56,No
41,S0042,Student_42,35,FEMALE,Ai Fundamentals,2023-05-15,67,No
42,S0043,Student_43,37,FEMALE,Data Science,2023-12-17,81,No
43,S0044,Student_44,37,MALE,Data Engineering,2023-05-21,100,No
44,S0045,Student_45,37,MALE,Ai Fundamentals,2023-04-09,97,No
45,S0046,Student_46,32,MALE,Data Science,2023-08-21,94,No
46,S0047,Student_47,25,MALE,Ai Fundamentals,2023-01-17,56,No
47,S0048,Student_48,18,FEMALE,Data Science,2023-09-19,100,No
48,S0049,Student_49,19,FEMALE,Ai Fundamentals,2023-02-10,66,No
49,S0050,Student_50,27,MALE,Cloud Computing,2023-07-01,80,No
50,S0051,Student_51,43,MALE,Ai Fundamentals,2023-10-06,78,No
51,S0052,Student_52,18,FEMALE,Data Engineering,2023-12-24,61,No
52,S0053,Student_53,28,MALE,Data Science,2023-01-24,82,No
53,S0054,Student_54,38,FEMALE,Data Science,2023-09-09,88,No
54,S0055,Student_55,41,FEMALE,Ai Fundamentals,2023-08-24,75,No
55,S0056,Student_56,21,MALE,Data Engineering,2023-07-07,88,No
56,S0057,Student_57,29,MALE,Ai Fundamentals,2023-02-04,79,No
57,S0058,Student_58,36,FEMALE,Ai Fundamentals,2023-12-11,52,No
58,S0059,Student_59,41,FEMALE,Ai Fundamentals,2023-03-18,69,No
59,S0060,Student_60,20,MALE,Cloud Computing,2023-01-18,62,No
60,S0061,Student_61,18,FEMALE,Data Science,2023-04-06,68,No
61,S0062,Student_62,18,MALE,Data Engineering,2023-02-18,50,No
62,S0063,Student_63,22,MALE,Cloud Computing,2023-10-21,91,No
63,S0064,Student_64,39,FEMALE,Cloud Computing,2023-01-01,72,No
64,S0065,Student_65,23,FEMALE,Ai Fundamentals,2023-04-24,67,No
65,S0066,Student_66,24,MALE,Ai Fundamentals,2023-12-31,92,No
66,S0067,Student_67,26,MALE,Ai Fundamentals,2023-01-05,54,No
67,S0068,Student_68,38,FEMALE,Data Science,2023-04-06,54,No
68,S0069,Student_69,35,MALE,Ai Fundamentals,2023-05-08,68,No
69,S0070,Student_70,33,MALE,Cloud Computing,2023-01-11,55,No
70,S0071,Student_71,22,MALE,Data Science,2023-10-13,64,No
71,S0072,Student_72,27,FEMALE,Cloud Computing,2023-12-20,60,No
72,S0073,Student_73,28,FEMALE,Data Science,2023-12-28,100,No
73,S0074,Student_74,44,FEMALE,Data Science,2023-08-29,79,No
74,S0075,Student_75,42,MALE,Data Science,2023-01-14,69,No
75,S0076,Student_76,19,FEMALE,Cloud Computing,2023-10-03,84,No
76,S0077,Student_77,19,FEMALE,Data Science,2023-02-11,53,No
77,S0078,Student_78,25,MALE,Cloud Computing,2023-07-24,58,No
78,S0079,Student_79,27,MALE,Data Engineering,2023-02-21,76,No
79,S0080,Student_80,43,FEMALE,Cloud Computing,2023-04-18,68,No
80,S0081,Student_81,21,FEMALE,Cloud Computing,2023-05-25,54,No
81,S0082,Student_82,24,FEMALE,Data Science,2023-08-31,57,No
82,S0083,Student_83,41,FEMALE,Data Science,2023-01-15,92,No
83,S0084,Student_84,29,MALE,Ai Fundamentals,2023-06-14,79,No
84,S0085,Student_85,32,FEMALE,Data Engineering,2023-04-25,85,No
85,S0086,Student_86,36,FEMALE,Data Engineering,2023-05-13,65,No
86,S0087,Student_87,18,MALE,Ai Fundamentals,2023-10-31,96,No
87,S0088,Student_88,32,MALE,Cloud Computing,2023-11-02,95,No
88,S0089,Student_89,21,FEMALE,Cloud Computing,2023-09-12,53,No
89,S0090,Student_90,39,FEMALE,Data Science,2023-10-28,53,No
90,S0091,Student_91,30,FEMALE,Data Engineering,2023-03-11,56,No
91,S0092,Student_92,43,FEMALE,Data Science,2023-12-27,52,No
92,S0093,Student_93,28,FEMALE,Ai Fundamentals,2023-09-30,87,No
93,S0094,Student_94,38,MALE,Data Engineering,2023-09-30,74,No
94,S0095,Student_95,29,MALE,Data Science,2023-09-24,85,No
95,S0096,Student_96,22,FEMALE,Data Engineering,2023-01-06,53,No
96,S0097,Student_97,24,MALE,Data Engineering,2023-03-09,57,No
97,S0098,Student_98,22,FEMALE,Data Science,2023-06-16,77,No
98,S0099,Student_99,33,MALE,Data Science,2023-10-02,100,No
99,S0100,Student_100,38,FEMALE,Data Engineering,2023-04-05,52,No
100,S0101,Student_101,21,FEMALE,Ai Fundamentals,2023-10-15,98,No
101,S0102,Student_102,30,MALE,Cloud Computing,2023-02-17,57,No
102,S0103,Student_103,22,FEMALE,Data Engineering,2023-10-05,60,No
103,S0104,Student_104,38,FEMALE,Ai Fundamentals,2023-02-25,95,No
104,S0105,Student_105,26,FEMALE,Data Engineering,2023-11-27,98,No
105,S0106,Student_106,32,FEMALE,Data Science,2023-04-19,55,No
106,S0107,Student_107,33,FEMALE,Ai Fundamentals,2023-02-01,90,No
107,S0108,Student_108,38,FEMALE,Ai Fundamentals,2023-03-25,72,No
108,S0109,Student_109,21,MALE,Data Engineering,2023-03-08,93,No
109,S0110,Student_110,44,MALE,Cloud Computing,2023-05-28,51,No
110,S0111,Student_111,41,FEMALE,Data Engineering,2023-06-09,56,No
111,S0112,Student_112,33,FEMALE,Cloud Computing,2023-10-03,78,No
112,S0113,Student_113,31,MALE,Ai Fundamentals,2023-10-23,55,No
113,S0114,Student_114,39,MALE,Cloud Computing,2023-03-03,90,No
114,S0115,Student_115,39,MALE,Data Science,2023-04-08,60,No
115,S0116,Student_116,34,MALE,Cloud Computing,2023-09-02,57,No
116,S0117,Student_117,35,FEMALE,Cloud Computing,2023-08-25,79,No
117,S0118,Student_118,23,FEMALE,Ai Fundamentals,2023-08-11,86,No
118,S0119,Student_119,27,MALE,Cloud Computing,2023-05-03,68,No
119,S0120,Student_120,21,MALE,Ai Fundamentals,2023-07-10,97,No
120,S0121,Student_121,18,MALE,Data Science,2023-07-24,52,No
121,S0122,Student_122,23,MALE,Data Science,2023-03-22,91,No
122,S0123,Student_123,18,FEMALE,Data Engineering,2023-05-15,79,No
123,S0124,Student_124,35,MALE,Data Engineering,2023-10-29,82,No
124,S0125,Student_125,36,MALE,Data Engineering,2023-06-08,99,No
125,S0126,Student_126,22,MALE,Data Science,2023-03-18,75,No
126,S0127,Student_127,20,FEMALE,Cloud Computing,2023-07-01,86,No
127,S0128,Student_128,34,FEMALE,Ai Fundamentals,2023-04-01,69,No
128,S0129,Student_129,21,FEMALE,Data Science,2023-05-15,82,No
129,S0130,Student_130,20,MALE,Cloud Computing,2023-05-01,77,No
130,S0131,Student_131,28,FEMALE,Data Engineering,2023-05-11,76,No
131,S0132,Student_132,31,FEMALE,Ai Fundamentals,2023-06-04,78,No
132,S0133,Student_133,34,MALE,Data Engineering,2023-08-27,95,No
133,S0134,Student_134,25,FEMALE,Ai Fundamentals,2023-10-09,73,No
134,S0135,Student_135,39,MALE,Cloud Computing,2023-01-14,68,No
135,S0136,Student_136,27,FEMALE,Data Science,2023-08-08,55,No
136,S0137,Student_137,18,FEMALE,Data Engineering,2023-03-04,51,No
137,S0138,Student_138,28,MALE,Data Science,2023-02-27,71,No
138,S0139,Student_139,36,MALE,Cloud Computing,2023-10-21,84,No
139,S0140,Student_140,29,FEMALE,Cloud Computing,2023-04-18,51,No
140,S0141,Student_141,44,FEMALE,Cloud Computing,2023-11-22,79,No
141,S0142,Student_142,41,MALE,Data Science,2023-11-02,95,No
142,S0143,Student_143,20,FEMALE,Data Science,2023-01-26,84,No
143,S0144,Student_144,43,MALE,Ai Fundamentals,2023-09-26,64,No
144,S0145,Student_145,20,MALE,Data Science,2023-02-22,92,No
145,S0146,Student_146,21,MALE,Data Science,2023-11-23,80,No
146,S0147,Student_147,21,FEMALE,Cloud Computing,2023-09-11,59,No
147,S0148,Student_148,36,FEMALE,Ai Fundamentals,2023-03-15,77,No
148,S0149,Student_149,32,FEMALE,Data Science,2023-03-14,57,No
149,S0150,Student_150,21,FEMALE,Data Science,2023-05-25,62,No
150,S0151,Student_151,38,FEMALE,Cloud Computing,2023-12-18,79,No
151,S0152,Student_152,35,MALE,Data Science,2023-12-17,86,No
152,S0153,Student_153,36,FEMALE,Cloud Computing,2023-09-12,88,No
153,S0154,Student_154,32,MALE,Ai Fundamentals,2023-08-18,78,No
154,S0155,Student_155,27,MALE,Cloud Computing,2023-10-22,99,No
155,S0156,Student_156,44,FEMALE,Cloud Computing,2023-06-26,71,No
156,S0157,Student_157,19,MALE,Ai Fundamentals,2023-07-08,73,No
157,S0158,Student_158,22,FEMALE,Data Engineering,2023-01-07,87,No
158,S0159,Student_159,28,MALE,Cloud Computing,2023-04-30,70,No
159,S0160,Student_160,40,MALE,Data Science,2023-01-02,63,No
160,S0161,Student_161,29,MALE,Cloud Computing,2023-07-11,95,No
161,S0162,Student_162,26,FEMALE,Ai Fundamentals,2023-07-13,90,No
162,S0163,Student_163,29,FEMALE,Data Science,2023-05-06,100,No
163,S0164,Student_164,20,FEMALE,Ai Fundamentals,2023-10-05,91,No
164,S0165,Student_165,37,FEMALE,Cloud Computing,2023-10-30,51,No
165,S0166,Student_166,34,MALE,Ai Fundamentals,2023-09-14,58,No
166,S0167,Student_167,18,FEMALE,Ai Fundamentals,2023-08-03,89,No
167,S0168,Student_168,40,FEMALE,Data Engineering,2023-06-14,94,No
168,S0169,Student_169,18,MALE,Cloud Computing,2023-06-04,59,No
169,S0170,Student_170,24,MALE,Cloud Computing,2023-05-29,99,No
170,S0171,Student_171,37,FEMALE,Cloud Computing,2023-12-07,67,No
171,S0172,Student_172,32,MALE,Cloud Computing,2023-08-20,99,No
172,S0173,Student_173,28,FEMALE,Data Science,2023-02-04,75,No
173,S0174,Student_174,37,MALE,Ai Fundamentals,2023-08-30,73,No
174,S0175,Student_175,42,FEMALE,Cloud Computing,2023-03-03,90,No
175,S0176,Student_176,26,MALE,Data Science,2023-06-05,60,No
176,S0177,Student_177,31,FEMALE,Cloud Computing,2023-08-17,76,No
177,S0178,Student_178,42,MALE,Ai Fundamentals,2023-03-15,63,No
178,S0179,Student_179,20,FEMALE,Cloud Computing,2023-11-25,81,No
179,S0180,Student_180,21,FEMALE,Data Science,2023-02-22,71,No
180,S0181,Student_181,20,FEMALE,Data Science,2023-03-26,83,No
181,S0182,Student_182,29,FEMALE,Ai Fundamentals,2023-11-15,95,No
182,S0183,Student_183,31,FEMALE,Cloud Computing,2023-02-18,51,No
183,S0184,Student_184,34,FEMALE,Data Science,2023-10-27,82,No
184,S0185,Student_185,26,MALE,Data Engineering,2023-05-22,93,No
185,S0186,Student_186,26,FEMALE,Cloud Computing,2023-09-23,56,No
186,S0187,Student_187,37,MALE,Data Engineering,2023-06-05,84,No
187,S0188,Student_188,26,FEMALE,Data Science,2023-04-01,80,No
188,S0189,Student_189,44,MALE,Data Science,2023-02-04,96,No
189,S0190,Student_190,20,FEMALE,Ai Fundamentals,2023-11-23,76,No
190,S0191,Student_191,42,MALE,Ai Fundamentals,2023-02-07,88,No
191,S0192,Student_192,38,FEMALE,Cloud Computing,2023-01-07,86,No
192,S0193,Student_193,21,MALE,Data Science,2023-11-11,67,No
193,S0194,Student_194,30,FEMALE,Data Science,2023-03-27,98,No
194,S0195,Student_195,32,MALE,Data Science,2023-01-04,62,No
195,S0196,Student_196,18,MALE,Data Science,2023-03-17,97,No
196,S0197,Student_197,22,MALE,Data Engineering,2023-08-23,89,No
197,S0198,Student_198,21,FEMALE,Data Science,2023-09-25,98,No
198,S0199,Student_199,31,MALE,Ai Fundamentals,2023-03-20,98,No
199,S0200,Student_200,29,FEMALE,Cloud Computing,2023-07-31,75,No
200,S0201,Student_201,40,FEMALE,Cloud Computing,2023-10-10,50,No
201,S0202,Student_202,31,FEMALE,Cloud Computing,2023-12-30,88,No
202,S0203,Student_203,43,FEMALE,Data Engineering,2023-09-13,80,No
203,S0204,Student_204,31,MALE,Data Science,2023-03-22,91,No
204,S0205,Student_205,29,FEMALE,Cloud Computing,2023-06-13,97,No
205,S0206,Student_206,42,MALE,Ai Fundamentals,2023-02-22,86,No
206,S0207,Student_207,34,FEMALE,Data Engineering,2023-03-22,88,No
207,S0208,Student_208,42,MALE,Data Science,2023-07-08,78,No
208,S0209,Student_209,39,FEMALE,Data Science,2023-04-10,92,No
209,S0210,Student_210,32,FEMALE,Data Science,2023-05-08,73,No
210,S0211,Student_211,43,MALE,Data Science,2023-06-04,65,No
211,S0212,Student_212,34,FEMALE,Data Engineering,2023-02-21,88,No
212,S0213,Student_213,43,FEMALE,Ai Fundamentals,2023-12-02,88,No
213,S0214,Student_214,40,FEMALE,Data Science,2023-10-11,72,No
214,S0215,Student_215,39,FEMALE,Data Engineering,2023-05-13,98,No
215,S0216,Student_216,37,FEMALE,Data Engineering,2023-12-25,57,No
216,S0217,Student_217,19,FEMALE,Ai Fundamentals,2023-08-02,87,No
217,S0218,Student_218,26,FEMALE,Data Engineering,2023-04-14,100,No
218,S0219,Student_219,18,FEMALE,Data Engineering,2023-08-30,52,No
219,S0220,Student_220,22,MALE,Cloud Computing,2023-10-07,63,No
220,S0221,Student_221,43,FEMALE,Cloud Computing,2023-12-30,70,No
221,S0222,Student_222,24,MALE,Ai Fundamentals,2023-04-18,96,No
222,S0223,Student_223,39,FEMALE,Cloud Computing,2023-01-23,79,No
223,S0224,Student_224,31,MALE,Data Engineering,2023-12-15,82,No
224,S0225,Student_225,25,MALE,Data Engineering,2023-02-13,69,No
225,S0226,Student_226,42,MALE,Ai Fundamentals,2023-01-07,94,No
226,S0227,Student_227,42,FEMALE,Data Engineering,2023-07-25,94,No
227,S0228,Student_228,33,FEMALE,Ai Fundamentals,2023-05-26,72,No
228,S0229,Student_229,27,MALE,Cloud Computing,2023-05-06,72,No
229,S0230,Student_230,36,FEMALE,Cloud Computing,2023-10-02,94,No
230,S0231,Student_231,26,FEMALE,Data Science,2023-08-29,87,No
231,S0232,Student_232,40,MALE,Cloud Computing,2023-05-11,84,No
232,S0233,Student_233,33,FEMALE,Data Science,2023-01-28,88,No
233,S0234,Student_234,29,MALE,Data Science,2023-08-24,71,No
234,S0235,Student_235,24,MALE,Data Science,2023-07-27,78,No
235,S0236,Student_236,33,FEMALE,Data Engineering,2023-02-21,98,No
236,S0237,Student_237,43,MALE,Data Science,2023-08-04,84,No
237,S0238,Student_238,19,FEMALE,Cloud Computing,2023-11-16,51,No
238,S0239,Student_239,40,FEMALE,Ai Fundamentals,2023-06-08,95,No
239,S0240,Student_240,30,FEMALE,Cloud Computing,2023-01-14,96,No
240,S0241,Student_241,42,FEMALE,Ai Fundamentals,2023-12-15,67,No
241,S0242,Student_242,42,MALE,Cloud Computing,2023-08-31,84,No
242,S0243,Student_243,21,FEMALE,Ai Fundamentals,2023-06-24,93,No
243,S0244,Student_244,36,FEMALE,Cloud Computing,2023-06-23,63,No
244,S0245,Student_245,33,FEMALE,Ai Fundamentals,2023-04-08,67,No
245,S0246,Student_246,21,MALE,Data Science,2023-09-18,81,No
246,S0247,Student_247,28,MALE,Ai Fundamentals,2023-05-19,71,No
247,S0248,Student_248,30,FEMALE,Data Science,2023-03-05,84,No
248,S0249,Student_249,24,FEMALE,Cloud Computing,2023-10-02,95,No
249,S0250,Student_250,21,FEMALE,Ai Fundamentals,2023-07-20,51,No
250,S0251,Student_251,40,FEMALE,Ai Fundamentals,2023-04-30,55,No
251,S0252,Student_252,23,FEMALE,Cloud Computing,2023-11-11,97,No
252,S0253,Student_253,41,MALE,Data Science,2023-07-21,100,No
253,S0254,Student_254,29,FEMALE,Data Science,2023-08-27,88,No
254,S0255,Student_255,18,MALE,Data Engineering,2023-01-13,81,No
255,S0256,Student_256,29,MALE,Data Engineering,2023-06-07,78,No
256,S0257,Student_257,26,FEMALE,Data Engineering,2023-03-20,88,No
257,S0258,Student_258,38,MALE,Ai Fundamentals,2023-12-27,100,No
258,S0259,Student_259,28,FEMALE,Ai Fundamentals,2023-03-19,98,No
259,S0260,Student_260,40,MALE,Ai Fundamentals,2023-05-18,54,No
260,S0261,Student_261,29,MALE,Cloud Computing,2023-07-08,87,No
261,S0262,Student_262,23,FEMALE,Data Engineering,2023-03-18,57,No
262,S0263,Student_263,33,MALE,Cloud Computing,2023-08-18,53,No
263,S0264,Student_264,26,FEMALE,Data Engineering,2023-06-07,71,No
264,S0265,Student_265,20,FEMALE,Data Engineering,2023-04-20,71,No
265,S0266,Student_266,37,FEMALE,Ai Fundamentals,2023-03-17,76,No
266,S0267,Student_267,43,FEMALE,Data Science,2023-11-12,52,No
267,S0268,Student_268,41,FEMALE,Data Engineering,2023-05-24,78,No
268,S0269,Student_269,39,FEMALE,Data Science,2023-06-10,97,No
269,S0270,Student_270,37,MALE,Cloud Computing,2023-09-12,82,No
270,S0271,Student_271,32,MALE,Ai Fundamentals,2023-07-28,87,No
271,S0272,Student_272,38,FEMALE,Data Engineering,2023-04-19,83,No
272,S0273,Student_273,39,MALE,Ai Fundamentals,2023-04-25,85,No
273,S0274,Student_274,21,MALE,Cloud Computing,2023-01-12,82,No
274,S0275,Student_275,21,FEMALE,Data Science,2023-09-29,89,No
275,S0276,Student_276,25,MALE,Ai Fundamentals,2023-10-09,67,No
276,S0277,Student_277,27,FEMALE,Ai Fundamentals,2023-10-05,59,No
277,S0278,Student_278,27,FEMALE,Data Engineering,2023-05-31,85,No
278,S0279,Student_279,27,MALE,Data Science,2023-09-08,94,No
279,S0280,Student_280,41,FEMALE,Cloud Computing,2023-12-14,72,No
280,S0281,Student_281,21,FEMALE,Data Engineering,2023-04-19,55,No
281,S0282,Student_282,32,FEMALE,Ai Fundamentals,2023-12-14,72,No
282,S0283,Student_283,44,FEMALE,Ai Fundamentals,2023-08-20,59,No
283,S0284,Student_284,36,MALE,Data Science,2023-04-18,51,No
284,S0285,Student_285,30,FEMALE,Cloud Computing,2023-04-14,93,No
285,S0286,Student_286,21,MALE,Cloud Computing,2023-04-10,55,No
286,S0287,Student_287,27,FEMALE,Ai Fundamentals,2023-09-02,92,No
287,S0288,Student_288,28,MALE,Cloud Computing,2023-09-04,54,No
288,S0289,Student_289,31,MALE,Data Engineering,2023-11-05,57,No
289,S0290,Student_290,25,FEMALE,Data Science,2023-10-27,69,No
290,S0291,Student_291,25,MALE,Ai Fundamentals,2023-12-04,100,No
291,S0292,Student_292,39,FEMALE,Cloud Computing,2023-03-06,88,No
292,S0293,Student_293,19,FEMALE,Cloud Computing,2023-10-10,63,No
293,S0294,Student_294,30,MALE,Data Engineering,2023-05-16,61,No
294,S0295,Student_295,20,MALE,Cloud Computing,2023-12-05,73,No
295,S0296,Student_296,20,MALE,Data Engineering,2023-11-28,88,No
296,S0297,Student_297,42,MALE,Data Science,2023-11-10,61,No
297,S0298,Student_298,19,FEMALE,Ai Fundamentals,2023-07-06,90,No
298,S0299,Student_299,23,MALE,Data Engineering,2023-09-27,81,No
299,S0300,Student_300,26,FEMALE,Cloud Computing,2023-08-21,53,No
300,S0301,Student_301,22,MALE,Cloud Computing,2023-10-02,52,No
301,S0302,Student_302,18,MALE,Data Science,2023-05-26,57,No
302,S0303,Student_303,29,FEMALE,Data Engineering,2023-06-20,52,No
303,S0304,Student_304,20,MALE,Ai Fundamentals,2023-10-28,75,No
304,S0305,Student_305,23,FEMALE,Cloud Computing,2023-08-15,96,No
305,S0306,Student_306,39,MALE,Data Engineering,2023-07-23,55,No
306,S0307,Student_307,34,MALE,Cloud Computing,2023-12-10,66,No
307,S0308,Student_308,26,FEMALE,Ai Fundamentals,2023-11-23,100,No
308,S0309,Student_309,19,FEMALE,Data Engineering,2023-07-26,58,No
309,S0310,Student_310,35,FEMALE,Cloud Computing,2023-02-16,67,No
310,S0311,Student_311,34,FEMALE,Ai Fundamentals,2023-02-24,100,No
311,S0312,Student_312,21,FEMALE,Data Engineering,2023-06-28,78,No
312,S0313,Student_313,42,FEMALE,Data Engineering,2023-02-13,64,No
313,S0314,Student_314,26,FEMALE,Data Science,2023-03-07,56,No
314,S0315,Student_315,38,MALE,Ai Fundamentals,2023-12-24,63,No
315,S0316,Student_316,22,FEMALE,Data Engineering,2023-09-20,78,No
316,S0317,Student_317,34,MALE,Data Science,2023-05-02,53,No
317,S0318,Student_318,43,MALE,Data Engineering,2023-06-25,94,No
318,S0319,Student_319,21,FEMALE,Cloud Computing,2023-06-22,88,No
319,S0320,Student_320,25,MALE,Data Science,2023-09-23,97,No
320,S0321,Student_321,21,MALE,Data Engineering,2023-01-04,54,No
321,S0322,Student_322,36,FEMALE,Cloud Computing,2023-05-04,50,No
322,S0323,Student_323,35,MALE,Cloud Computing,2023-09-02,61,No
323,S0324,Student_324,19,FEMALE,Cloud Computing,2023-02-04,88,No
324,S0325,Student_325,36,MALE,Data Science,2023-01-02,56,No
325,S0326,Student_326,35,MALE,Cloud Computing,2023-10-22,70,No
326,S0327,Student_327,38,FEMALE,Ai Fundamentals,2023-07-26,56,No
327,S0328,Student_328,20,MALE,Data Engineering,2023-12-17,66,No
328,S0329,Student_329,23,MALE,Ai Fundamentals,2023-05-22,50,No
329,S0330,Student_330,23,FEMALE,Cloud Computing,2023-12-09,53,No
330,S0331,Student_331,30,FEMALE,Cloud Computing,2023-02-16,55,No
331,S0332,Student_332,30,MALE,Ai Fundamentals,2023-12-10,97,No
332,S0333,Student_333,39,MALE,Data Science,2023-10-21,89,No
333,S0334,Student_334,20,FEMALE,Cloud Computing,2023-12-16,66,No
334,S0335,Student_335,33,MALE,Cloud Computing,2023-08-26,75,No
335,S0336,Student_336,39,FEMALE,Ai Fundamentals,2023-08-23,80,No
336,S0337,Student_337,25,FEMALE,Cloud Computing,2023-12-13,77,No
337,S0338,Student_338,25,MALE,Cloud Computing,2023-03-24,61,No
338,S0339,Student_339,29,FEMALE,Data Science,2023-01-07,90,No
339,S0340,Student_340,40,FEMALE,Data Science,2023-03-16,50,No
340,S0341,Student_341,35,MALE,Data Science,2023-01-02,83,No
341,S0342,Student_342,24,FEMALE,Data Science,2023-06-26,75,No
342,S0343,Student_343,25,MALE,Data Science,2023-12-02,64,No
343,S0344,Student_344,36,MALE,Cloud Computing,2023-10-03,98,No
344,S0345,Student_345,29,MALE,Data Engineering,2023-09-12,84,No
345,S0346,Student_346,37,FEMALE,Cloud Computing,2023-05-28,90,No
346,S0347,Student_347,35,MALE,Cloud Computing,2023-11-18,100,No
347,S0348,Student_348,27,MALE,Data Engineering,2023-08-17,100,No
348,S0349,Student_349,32,MALE,Ai Fundamentals,2023-09-23,93,No
349,S0350,Student_350,39,MALE,Data Engineering,2023-08-22,88,No
350,S0351,Student_351,27,FEMALE,Data Science,2023-01-14,69,No
351,S0352,Student_352,43,FEMALE,Cloud Computing,2023-11-23,92,No
352,S0353,Student_353,36,MALE,Data Science,2023-09-24,84,No
353,S0354,Student_354,18,FEMALE,Data Engineering,2023-05-02,88,No
354,S0355,Student_355,27,FEMALE,Ai Fundamentals,2023-10-27,71,No
355,S0356,Student_356,29,FEMALE,Ai Fundamentals,2023-04-12,70,No
356,S0357,Student_357,35,MALE,Cloud Computing,2023-06-18,76,No
357,S0358,Student_358,27,FEMALE,Data Engineering,2023-09-02,85,No
358,S0359,Student_359,44,FEMALE,Data Science,2023-09-29,77,No
359,S0360,Student_360,18,FEMALE,Data Science,2023-01-15,53,No
360,S0361,Student_361,40,FEMALE,Ai Fundamentals,2023-01-01,75,No
361,S0362,Student_362,34,FEMALE,Cloud Computing,2023-10-19,57,No
362,S0363,Student_363,28,MALE,Data Engineering,2023-04-08,54,No
363,S0364,Student_364,22,FEMALE,Data Science,2023-09-20,54,No
364,S0365,Student_365,42,FEMALE,Ai Fundamentals,2023-03-30,59,No
365,S0366,Student_366,38,MALE,Cloud Computing,2023-01-04,54,No
366,S0367,Student_367,21,MALE,Ai Fundamentals,2023-11-21,83,No
367,S0368,Student_368,37,MALE,Cloud Computing,2023-04-12,99,No
368,S0369,Student_369,26,MALE,Data Engineering,2023-12-18,60,No
369,S0370,Student_370,42,FEMALE,Ai Fundamentals,2023-04-25,73,No
370,S0371,Student_371,32,FEMALE,Data Science,2023-03-09,98,No
371,S0372,Student_372,41,FEMALE,Cloud Computing,2023-10-18,82,No
372,S0373,Student_373,18,FEMALE,Ai Fundamentals,2023-09-27,63,No
373,S0374,Student_374,37,FEMALE,Cloud Computing,2023-04-24,71,No
374,S0375,Student_375,26,MALE,Ai Fundamentals,2023-12-29,78,No
375,S0376,Student_376,25,FEMALE,Ai Fundamentals,2023-06-18,73,No
376,S0377,Student_377,41,MALE,Data Engineering,2023-10-22,98,No
377,S0378,Student_378,31,MALE,Data Science,2023-02-12,55,No
378,S0379,Student_379,44,MALE,Ai Fundamentals,2023-11-20,52,No
379,S0380,Student_380,35,FEMALE,Data Engineering,2023-10-11,50,No
380,S0381,Student_381,42,FEMALE,Cloud Computing,2023-05-24,59,No
381,S0382,Student_382,38,MALE,Cloud Computing,2023-08-31,57,No
382,S0383,Student_383,41,MALE,Ai Fundamentals,2023-08-23,79,No
383,S0384,Student_384,18,MALE,Data Science,2023-04-14,71,No
384,S0385,Student_385,29,MALE,Cloud Computing,2023-06-28,66,No
385,S0386,Student_386,22,MALE,Ai Fundamentals,2023-02-14,64,No
386,S0387,Student_387,43,MALE,Cloud Computing,2023-12-07,69,No
387,S0388,Student_388,18,FEMALE,Data Engineering,2023-02-22,87,No
388,S0389,Student_389,28,MALE,Ai Fundamentals,2023-07-23,76,No
389,S0390,Student_390,32,MALE,Ai Fundamentals,2023-06-22,62,No
390,S0391,Student_391,40,MALE,Ai Fundamentals,2023-03-23,65,No
391,S0392,Student_392,38,MALE,Data Engineering,2023-05-14,69,No
392,S0393,Student_393,36,MALE,Ai Fundamentals,2023-03-25,68,No
393,S0394,Student_394,22,FEMALE,Ai Fundamentals,2023-07-19,92,No
394,S0395,Student_395,40,MALE,Data Engineering,2023-09-13,52,No
395,S0396,Student_396,21,FEMALE,Cloud Computing,2023-11-21,66,No
396,S0397,Student_397,44,MALE,Data Engineering,2023-04-06,61,No
397,S0398,Student_398,37,MALE,Data Science,2023-12-16,85,No
398,S0399,Student_399,25,FEMALE,Data Engineering,2023-04-17,59,No
399,S0400,Student_400,26,MALE,Cloud Computing,2023-08-31,59,No
400,S0401,Student_401,31,FEMALE,Ai Fundamentals,2023-04-02,80,No
401,S0402,Student_402,23,FEMALE,Ai Fundamentals,2023-06-10,72,No
402,S0403,Student_403,18,FEMALE,Data Engineering,2023-07-30,92,No
403,S0404,Student_404,26,FEMALE,Data Science,2023-12-31,70,No
404,S0405,Student_405,33,FEMALE,Data Engineering,2023-05-18,91,No
405,S0406,Student_406,33,FEMALE,Data Science,2023-02-24,69,No
406,S0407,Student_407,39,MALE,Data Engineering,2023-01-26,54,No
407,S0408,Student_408,29,FEMALE,Data Science,2023-06-11,96,No
408,S0409,Student_409,22,MALE,Data Science,2023-01-18,65,No
409,S0410,Student_410,25,MALE,Ai Fundamentals,2023-01-17,83,No
410,S0411,Student_411,31,FEMALE,Data Science,2023-02-19,50,No
411,S0412,Student_412,44,FEMALE,Ai Fundamentals,2023-03-04,97,No
412,S0413,Student_413,28,FEMALE,Data Engineering,2023-11-24,65,No
413,S0414,Student_414,38,MALE,Data Engineering,2023-12-17,63,No
414,S0415,Student_415,32,FEMALE,Data Engineering,2023-03-28,59,No
415,S0416,Student_416,35,FEMALE,Data Engineering,2023-06-15,99,No
416,S0417,Student_417,37,MALE,Data Engineering,2023-09-23,92,No
417,S0418,Student_418,21,FEMALE,Ai Fundamentals,2023-05-21,60,No
418,S0419,Student_419,27,MALE,Data Engineering,2023-03-30,99,No
419,S0420,Student_420,36,FEMALE,Data Science,2023-07-04,89,No
420,S0421,Student_421,39,MALE,Cloud Computing,2023-03-20,84,No
421,S0422,Student_422,20,FEMALE,Ai Fundamentals,2023-02-15,89,No
422,S0423,Student_423,37,MALE,Data Science,2023-10-17,98,No
423,S0424,Student_424,39,FEMALE,Cloud Computing,2023-07-10,94,No
424,S0425,Student_425,44,FEMALE,Cloud Computing,2023-01-05,94,No
425,S0426,Student_426,29,MALE,Ai Fundamentals,2023-11-22,92,No
426,S0427,Student_427,41,FEMALE,Data Science,2023-05-06,51,No
427,S0428,Student_428,36,FEMALE,Cloud Computing,2023-03-18,58,No
428,S0429,Student_429,31,MALE,Cloud Computing,2023-06-19,50,No
429,S0430,Student_430,41,MALE,Ai Fundamentals,2023-09-14,61,No
430,S0431,Student_431,19,FEMALE,Data Engineering,2023-07-17,76,No
431,S0432,Student_432,24,MALE,Cloud Computing,2023-05-31,80,No
432,S0433,Student_433,28,FEMALE,Ai Fundamentals,2023-08-22,93,No
433,S0434,Student_434,39,FEMALE,Ai Fundamentals,2023-12-20,92,No
434,S0435,Student_435,34,MALE,Data Science,2023-06-27,69,No
435,S0436,Student_436,34,MALE,Ai Fundamentals,2023-04-26,71,No
436,S0437,Student_437,44,FEMALE,Ai Fundamentals,2023-11-18,97,No
437,S0438,Student_438,21,MALE,Data Engineering,2023-07-18,51,No
438,S0439,Student_439,44,FEMALE,Cloud Computing,2023-05-03,68,No
439,S0440,Student_440,35,MALE,Data Science,2023-01-17,78,No
440,S0441,Student_441,28,FEMALE,Ai Fundamentals,2023-07-19,61,No
441,S0442,Student_442,27,FEMALE,Data Science,2023-10-22,99,No
442,S0443,Student_443,30,FEMALE,Cloud Computing,2023-04-18,89,No
443,S0444,Student_444,31,FEMALE,Ai Fundamentals,2023-03-26,59,No
444,S0445,Student_445,43,FEMALE,Ai Fundamentals,2023-07-30,74,No
445,S0446,Student_446,24,FEMALE,Data Science,2023-04-26,54,No
446,S0447,Student_447,24,FEMALE,Data Engineering,2023-06-12,76,No
447,S0448,Student_448,25,MALE,Cloud Computing,2023-04-24,93,No
448,S0449,Student_449,26,MALE,Cloud Computing,2023-07-22,71,No
449,S0450,Student_450,31,MALE,Cloud Computing,2023-09-13,64,No
450,S0451,Student_451,42,FEMALE,Ai Fundamentals,2023-12-26,79,No
451,S0452,Student_452,25,MALE,Ai Fundamentals,2023-10-24,51,No
452,S0453,Student_453,34,MALE,Ai Fundamentals,2023-02-10,64,No
453,S0454,Student_454,42,MALE,Data Science,2023-04-05,50,No
454,S0455,Student_455,40,MALE,Cloud Computing,2023-06-14,65,No
455,S0456,Student_456,42,FEMALE,Cloud Computing,2023-04-09,83,No
456,S0457,Student_457,33,FEMALE,Cloud Computing,2023-03-01,82,No
457,S0458,Student_458,43,MALE,Data Engineering,2023-03-31,87,No
458,S0459,Student_459,26,FEMALE,Ai Fundamentals,2023-07-04,55,No
459,S0460,Student_460,21,FEMALE,Cloud Computing,2023-05-08,80,No
460,S0461,Student_461,24,FEMALE,Cloud Computing,2023-10-15,91,No
461,S0462,Student_462,35,FEMALE,Ai Fundamentals,2023-11-01,97,No
462,S0463,Student_463,25,FEMALE,Ai Fundamentals,2023-05-07,100,No
463,S0464,Student_464,38,MALE,Cloud Computing,2023-11-17,59,No
464,S0465,Student_465,43,FEMALE,Data Science,2023-02-07,57,No
465,S0466,Student_466,20,MALE,Data Science,2023-06-17,80,No
466,S0467,Student_467,34,FEMALE,Data Science,2023-01-13,71,No
467,S0468,Student_468,42,MALE,Data Science,2023-12-07,80,No
468,S0469,Student_469,36,MALE,Data Engineering,2023-11-29,91,No
469,S0470,Student_470,31,FEMALE,Data Science,2023-05-01,58,No
470,S0471,Student_471,41,MALE,Cloud Computing,2023-11-10,51,No
471,S0472,Student_472,42,FEMALE,Cloud Computing,2023-05-30,95,No
472,S0473,Student_473,22,MALE,Cloud Computing,2023-12-31,71,No
473,S0474,Student_474,22,MALE,Data Science,2023-01-13,58,No
474,S0475,Student_475,30,FEMALE,Ai Fundamentals,2023-05-26,95,No
475,S0476,Student_476,35,MALE,Cloud Computing,2023-04-22,99,No
476,S0477,Student_477,41,FEMALE,Data Science,2023-06-07,50,No
477,S0478,Student_478,40,MALE,Data Engineering,2023-10-21,77,No
478,S0479,Student_479,43,FEMALE,Data Engineering,2023-01-01,100,No
479,S0480,Student_480,38,MALE,Cloud Computing,2023-10-07,98,No
480,S0481,Student_481,19,MALE,Ai Fundamentals,2023-05-17,75,No
481,S0482,Student_482,23,FEMALE,Data Engineering,2023-02-23,79,No
482,S0483,Student_483,43,FEMALE,Data Science,2023-07-30,57,No
483,S0484,Student_484,41,MALE,Data Science,2023-12-03,76,No
484,S0485,Student_485,19,FEMALE,Data Engineering,2023-09-27,81,No
485,S0486,Student_486,37,MALE,Cloud Computing,2023-06-15,64,No
486,S0487,Student_487,39,MALE,Cloud Computing,2023-02-10,69,No
487,S0488,Student_488,41,MALE,Data Engineering,2023-06-04,58,No
488,S0489,Student_489,37,FEMALE,Data Science,2023-12-17,89,No
489,S0490,Student_490,40,FEMALE,Ai Fundamentals,2023-10-29,79,No
490,S0491,Student_491,40,FEMALE,Data Science,2023-12-03,73,No
491,S0492,Student_492,25,MALE,Ai Fundamentals,2023-11-11,63,No
492,S0493,Student_493,27,MALE,Ai Fundamentals,2023-06-01,90,No
493,S0494,Student_494,35,MALE,Data Engineering,2023-09-12,51,No
494,S0495,Student_495,27,FEMALE,Cloud Computing,2023-08-31,75,No
495,S0496,Student_496,40,MALE,Ai Fundamentals,2023-08-23,74,No
496,S0497,Student_497,18,FEMALE,Data Science,2023-09-03,80,No
497,S0498,Student_498,37,FEMALE,Cloud Computing,2023-01-19,91,No
498,S0499,Student_499,42,FEMALE,Cloud Computing,2023-12-11,66,No
499,S0500,Student_500,22,FEMALE,Data Science,2023-08-28,61,No
500,S0501,Student_501,35,FEMALE,Data Engineering,2023-11-17,89,No
501,S0502,Student_502,38,MALE,Cloud Computing,2023-06-25,57,No
502,S0503,Student_503,39,MALE,Ai Fundamentals,2023-12-20,88,No
503,S0504,Student_504,34,MALE,Data Science,2023-01-25,71,No
504,S0505,Student_505,21,MALE,Ai Fundamentals,2023-07-30,74,No
505,S0506,Student_506,28,FEMALE,Data Science,2023-10-24,87,No
506,S0507,Student_507,19,FEMALE,Data Science,2023-05-18,93,No
507,S0508,Student_508,38,FEMALE,Cloud Computing,2023-11-25,86,No
508,S0509,Student_509,22,MALE,Data Science,2023-07-19,82,No
509,S0510,Student_510,22,MALE,Cloud Computing,2023-10-25,59,No
510,S0511,Student_511,34,FEMALE,Data Science,2023-10-03,99,No
511,S0512,Student_512,34,MALE,Cloud Computing,2023-08-03,90,No
512,S0513,Student_513,33,MALE,Cloud Computing,2023-11-20,66,No
513,S0514,Student_514,28,MALE,Data Engineering,2023-05-08,85,No
514,S0515,Student_515,31,FEMALE,Cloud Computing,2023-04-30,53,No
515,S0516,Student_516,26,MALE,Cloud Computing,2023-11-19,89,No
516,S0517,Student_517,29,FEMALE,Cloud Computing,2023-08-04,87,No
517,S0518,Student_518,38,MALE,Data Engineering,2023-08-24,53,No
518,S0519,Student_519,24,FEMALE,Ai Fundamentals,2023-01-25,90,No
519,S0520,Student_520,27,MALE,Ai Fundamentals,2023-03-26,85,No
520,S0521,Student_521,33,MALE,Data Engineering,2023-06-13,51,No
521,S0522,Student_522,21,FEMALE,Cloud Computing,2023-02-02,53,No
522,S0523,Student_523,37,FEMALE,Cloud Computing,2023-10-18,61,No
523,S0524,Student_524,30,FEMALE,Data Science,2023-02-12,53,No
524,S0525,Student_525,36,MALE,Ai Fundamentals,2023-12-15,96,No
525,S0526,Student_526,35,FEMALE,Cloud Computing,2023-02-07,62,No
526,S0527,Student_527,28,MALE,Cloud Computing,2023-08-17,82,No
527,S0528,Student_528,20,FEMALE,Ai Fundamentals,2023-12-05,89,No
528,S0529,Student_529,19,MALE,Cloud Computing,2023-02-25,100,No
529,S0530,Student_530,29,MALE,Data Engineering,2023-12-29,50,No
530,S0531,Student_531,21,MALE,Cloud Computing,2023-02-05,97,No
531,S0532,Student_532,30,FEMALE,Cloud Computing,2023-12-22,73,No
532,S0533,Student_533,22,MALE,Ai Fundamentals,2023-03-07,57,No
533,S0534,Student_534,44,FEMALE,Data Engineering,2023-12-16,51,No
534,S0535,Student_535,19,MALE,Data Science,2023-05-29,84,No
535,S0536,Student_536,35,MALE,Ai Fundamentals,2023-08-18,63,No
536,S0537,Student_537,18,MALE,Data Science,2023-12-22,80,No
537,S0538,Student_538,25,MALE,Data Science,2023-10-30,71,No
538,S0539,Student_539,42,FEMALE,Data Engineering,2023-12-21,67,No
539,S0540,Student_540,44,MALE,Data Science,2023-04-02,73,No
540,S0541,Student_541,22,MALE,Data Engineering,2023-03-04,85,No
541,S0542,Student_542,21,FEMALE,Cloud Computing,2023-03-04,83,No
542,S0543,Student_543,23,MALE,Data Engineering,2023-09-09,56,No
543,S0544,Student_544,24,FEMALE,Ai Fundamentals,2023-03-20,74,No
544,S0545,Student_545,21,FEMALE,Data Science,2023-12-29,84,No
545,S0546,Student_546,20,MALE,Data Engineering,2023-06-08,90,No
546,S0547,Student_547,43,MALE,Ai Fundamentals,2023-12-14,88,No
547,S0548,Student_548,26,FEMALE,Data Engineering,2023-02-21,59,No
548,S0549,Student_549,19,FEMALE,Data Science,2023-01-05,74,No
549,S0550,Student_550,22,FEMALE,Data Science,2023-07-16,79,No
550,S0551,Student_551,44,FEMALE,Ai Fundamentals,2023-08-22,55,No
551,S0552,Student_552,18,FEMALE,Ai Fundamentals,2023-10-25,98,No
552,S0553,Student_553,42,FEMALE,Ai Fundamentals,2023-09-17,98,No
553,S0554,Student_554,31,FEMALE,Ai Fundamentals,2023-06-17,75,No
554,S0555,Student_555,37,FEMALE,Ai Fundamentals,2023-04-11,54,No
555,S0556,Student_556,27,MALE,Data Science,2023-05-22,96,No
556,S0557,Student_557,39,FEMALE,Cloud Computing,2023-10-28,88,No
557,S0558,Student_558,23,MALE,Ai Fundamentals,2023-09-14,50,No
558,S0559,Student_559,19,MALE,Cloud Computing,2023-11-27,64,No
559,S0560,Student_560,25,FEMALE,Ai Fundamentals,2023-08-10,59,No
560,S0561,Student_561,26,FEMALE,Ai Fundamentals,2023-12-01,86,No
561,S0562,Student_562,40,MALE,Ai Fundamentals,2023-05-09,97,No
562,S0563,Student_563,38,MALE,Data Science,2023-09-14,100,No
563,S0564,Student_564,25,FEMALE,Cloud Computing,2023-04-07,78,No
564,S0565,Student_565,21,FEMALE,Data Science,2023-09-25,65,No
565,S0566,Student_566,39,FEMALE,Data Engineering,2023-01-30,52,No
566,S0567,Student_567,30,FEMALE,Ai Fundamentals,2023-03-11,86,No
567,S0568,Student_568,21,MALE,Ai Fundamentals,2023-07-05,57,No
568,S0569,Student_569,24,MALE,Cloud Computing,2023-10-14,67,No
569,S0570,Student_570,38,MALE,Data Science,2023-10-02,81,No
570,S0571,Student_571,25,MALE,Data Science,2023-04-17,93,No
571,S0572,Student_572,37,MALE,Data Science,2023-01-17,91,No
572,S0573,Student_573,18,MALE,Ai Fundamentals,2023-12-04,65,No
573,S0574,Student_574,23,MALE,Cloud Computing,2023-07-23,78,No
574,S0575,Student_575,29,FEMALE,Data Engineering,2023-01-10,92,No
575,S0576,Student_576,27,FEMALE,Data Engineering,2023-08-07,81,No
576,S0577,Student_577,37,FEMALE,Data Science,2023-03-18,72,No
577,S0578,Student_578,25,FEMALE,Cloud Computing,2023-07-12,100,No
578,S0579,Student_579,39,MALE,Data Science,2023-08-20,73,No
579,S0580,Student_580,23,MALE,Data Science,2023-09-04,54,No
580,S0581,Student_581,26,FEMALE,Data Science,2023-11-30,50,No
581,S0582,Student_582,29,MALE,Data Engineering,2023-12-10,67,No
582,S0583,Student_583,32,MALE,Data Engineering,2023-05-02,56,No
583,S0584,Student_584,18,MALE,Data Science,2023-12-30,54,No
584,S0585,Student_585,26,MALE,Cloud Computing,2023-06-03,61,No
585,S0586,Student_586,37,FEMALE,Data Engineering,2023-04-22,82,No
586,S0587,Student_587,24,FEMALE,Data Science,2023-03-18,66,No
587,S0588,Student_588,43,FEMALE,Data Engineering,2023-01-25,52,No
588,S0589,Student_589,28,FEMALE,Ai Fundamentals,2023-09-19,60,No
589,S0590,Student_590,37,MALE,Ai Fundamentals,2023-02-04,89,No
590,S0591,Student_591,20,FEMALE,Data Engineering,2023-03-18,88,No
591,S0592,Student_592,41,MALE,Data Science,2023-07-07,89,No
592,S0593,Student_593,18,FEMALE,Data Engineering,2023-02-13,50,No
593,S0594,Student_594,37,MALE,Cloud Computing,2023-11-12,59,No
594,S0595,Student_595,44,FEMALE,Data Science,2023-10-05,61,No
595,S0596,Student_596,32,MALE,Data Science,2023-12-31,94,No
596,S0597,Student_597,18,MALE,Data Science,2023-01-13,67,No
597,S0598,Student_598,37,MALE,Data Science,2023-04-09,86,No
598,S0599,Student_599,24,MALE,Cloud Computing,2023-05-14,91,No
599,S0600,Student_600,19,MALE,Data Engineering,2023-10-04,97,No
600,S0601,Student_601,30,MALE,Data Engineering,2023-05-05,55,No
601,S0602,Student_602,43,MALE,Ai Fundamentals,2023-06-09,91,No
602,S0603,Student_603,36,MALE,Data Science,2023-12-21,98,No
603,S0604,Student_604,31,MALE,Ai Fundamentals,2023-10-07,88,No
604,S0605,Student_605,27,FEMALE,Cloud Computing,2023-01-20,86,No
605,S0606,Student_606,22,FEMALE,Data Engineering,2023-03-27,54,No
606,S0607,Student_607,43,FEMALE,Data Engineering,2023-10-31,99,No
607,S0608,Student_608,35,FEMALE,Data Science,2023-09-20,61,No
608,S0609,Student_609,21,FEMALE,Data Engineering,2023-03-10,89,No
609,S0610,Student_610,20,MALE,Cloud Computing,2023-07-21,79,No
610,S0611,Student_611,38,FEMALE,Cloud Computing,2023-01-25,93,No
611,S0612,Student_612,31,FEMALE,Data Science,2023-08-07,95,No
612,S0613,Student_613,43,MALE,Ai Fundamentals,2023-09-30,61,No
613,S0614,Student_614,33,FEMALE,Data Science,2023-08-15,92,No
614,S0615,Student_615,41,FEMALE,Cloud Computing,2023-05-31,82,No
615,S0616,Student_616,22,MALE,Data Engineering,2023-05-06,51,No
616,S0617,Student_617,27,FEMALE,Data Engineering,2023-01-29,94,No
617,S0618,Student_618,22,FEMALE,Data Engineering,2023-10-12,97,No
618,S0619,Student_619,35,MALE,Cloud Computing,2023-04-24,84,No
619,S0620,Student_620,36,MALE,Ai Fundamentals,2023-12-24,92,No
620,S0621,Student_621,31,MALE,Data Science,2023-03-31,92,No
621,S0622,Student_622,31,MALE,Ai Fundamentals,2023-05-14,94,No
622,S0623,Student_623,41,FEMALE,Data Engineering,2023-03-08,60,No
623,S0624,Student_624,20,FEMALE,Data Science,2023-07-23,92,No
624,S0625,Student_625,21,FEMALE,Cloud Computing,2023-03-19,90,No
625,S0626,Student_626,27,MALE,Cloud Computing,2023-07-04,96,No
626,S0627,Student_627,44,FEMALE,Ai Fundamentals,2023-09-19,89,No
627,S0628,Student_628,41,MALE,Data Science,2023-01-30,65,No
628,S0629,Student_629,44,FEMALE,Data Engineering,2023-04-02,95,No
629,S0630,Student_630,40,MALE,Ai Fundamentals,2023-11-14,76,No
630,S0631,Student_631,40,FEMALE,Cloud Computing,2023-06-04,91,No
631,S0632,Student_632,30,FEMALE,Data Science,2023-10-12,90,No
632,S0633,Student_633,33,MALE,Data Science,2023-04-08,94,No
633,S0634,Student_634,20,MALE,Cloud Computing,2023-04-16,98,No
634,S0635,Student_635,44,MALE,Data Engineering,2023-06-25,66,No
635,S0636,Student_636,37,FEMALE,Data Engineering,2023-04-20,93,No
636,S0637,Student_637,24,FEMALE,Cloud Computing,2023-09-18,78,No
637,S0638,Student_638,32,MALE,Cloud Computing,2023-09-25,50,No
638,S0639,Student_639,34,MALE,Data Engineering,2023-06-29,94,No
639,S0640,Student_640,33,MALE,Ai Fundamentals,2023-04-10,52,No
640,S0641,Student_641,44,MALE,Ai Fundamentals,2023-10-10,72,No
641,S0642,Student_642,26,FEMALE,Data Science,2023-01-16,74,No
642,S0643,Student_643,18,MALE,Data Science,2023-08-09,94,No
643,S0644,Student_644,28,MALE,Ai Fundamentals,2023-12-29,69,No
644,S0645,Student_645,29,FEMALE,Data Science,2023-03-12,80,No
645,S0646,Student_646,31,FEMALE,Ai Fundamentals,2023-09-06,63,No
646,S0647,Student_647,25,MALE,Data Science,2023-04-06,57,No
647,S0648,Student_648,24,FEMALE,Ai Fundamentals,2023-01-03,69,No
648,S0649,Student_649,31,MALE,Data Science,2023-10-01,85,No
649,S0650,Student_650,39,FEMALE,Data Science,2023-08-31,79,No
650,S0651,Student_651,33,FEMALE,Ai Fundamentals,2023-11-18,70,No
651,S0652,Student_652,27,MALE,Data Engineering,2023-06-10,58,No
652,S0653,Student_653,24,FEMALE,Ai Fundamentals,2023-08-14,60,No
653,S0654,Student_654,39,MALE,Ai Fundamentals,2023-03-10,91,No
654,S0655,Student_655,29,MALE,Cloud Computing,2023-12-17,84,No
655,S0656,Student_656,36,FEMALE,Data Engineering,2023-09-18,96,No
656,S0657,Student_657,25,FEMALE,Data Science,2023-12-02,61,No
657,S0658,Student_658,19,MALE,Data Engineering,2023-05-08,58,No
658,S0659,Student_659,27,FEMALE,Data Engineering,2023-10-05,71,No
659,S0660,Student_660,20,FEMALE,Data Engineering,2023-04-13,54,No
660,S0661,Student_661,36,FEMALE,Cloud Computing,2023-09-24,97,No
661,S0662,Student_662,32,MALE,Cloud Computing,2023-09-30,57,No
662,S0663,Student_663,23,FEMALE,Data Science,2023-01-03,71,No
663,S0664,Student_664,40,FEMALE,Ai Fundamentals,2023-10-30,72,No
664,S0665,Student_665,22,MALE,Data Engineering,2023-07-09,56,No
665,S0666,Student_666,36,FEMALE,Data Science,2023-06-24,69,No
666,S0667,Student_667,32,MALE,Data Science,2023-04-21,93,No
667,S0668,Student_668,36,MALE,Cloud Computing,2023-10-16,56,No
668,S0669,Student_669,19,MALE,Ai Fundamentals,2023-08-20,82,No
669,S0670,Student_670,30,MALE,Ai Fundamentals,2023-07-09,87,No
670,S0671,Student_671,18,FEMALE,Cloud Computing,2023-10-20,72,No
671,S0672,Student_672,27,MALE,Data Engineering,2023-12-12,91,No
672,S0673,Student_673,34,MALE,Cloud Computing,2023-09-22,71,No
673,S0674,Student_674,20,MALE,Data Science,2023-02-17,61,No
674,S0675,Student_675,26,FEMALE,Cloud Computing,2023-12-14,93,No
675,S0676,Student_676,37,MALE,Ai Fundamentals,2023-01-01,53,No
676,S0677,Student_677,28,MALE,Data Engineering,2023-06-13,82,No
677,S0678,Student_678,34,MALE,Data Science,2023-01-27,79,No
678,S0679,Student_679,44,MALE,Data Science,2023-07-10,71,No
679,S0680,Student_680,42,MALE,Ai Fundamentals,2023-05-31,67,No
680,S0681,Student_681,42,MALE,Cloud Computing,2023-06-09,55,No
681,S0682,Student_682,19,MALE,Data Science,2023-05-10,97,No
682,S0683,Student_683,18,MALE,Cloud Computing,2023-12-16,77,No
683,S0684,Student_684,23,MALE,Data Science,2023-09-17,51,No
684,S0685,Student_685,42,MALE,Ai Fundamentals,2023-09-17,83,No
685,S0686,Student_686,20,MALE,Data Science,2023-12-21,90,No
686,S0687,Student_687,33,MALE,Data Science,2023-04-27,93,No
687,S0688,Student_688,21,FEMALE,Data Engineering,2023-06-14,89,No
688,S0689,Student_689,32,FEMALE,Data Science,2023-01-21,93,No
689,S0690,Student_690,23,MALE,Ai Fundamentals,2023-08-22,87,No
690,S0691,Student_691,29,FEMALE,Data Science,2023-05-14,80,No
691,S0692,Student_692,37,FEMALE,Ai Fundamentals,2023-08-05,68,No
692,S0693,Student_693,42,FEMALE,Cloud Computing,2023-03-25,65,No
693,S0694,Student_694,24,MALE,Ai Fundamentals,2023-07-02,95,No
694,S0695,Student_695,38,FEMALE,Cloud Computing,2023-08-18,90,No
695,S0696,Student_696,24,FEMALE,Data Science,2023-09-17,79,No
696,S0697,Student_697,37,MALE,Ai Fundamentals,2023-12-06,54,No
697,S0698,Student_698,24,FEMALE,Data Engineering,2023-06-01,98,No
698,S0699,Student_699,20,FEMALE,Ai Fundamentals,2023-02-18,92,No
699,S0700,Student_700,24,FEMALE,Cloud Computing,2023-12-17,70,No
700,S0701,Student_701,23,FEMALE,Cloud Computing,2023-06-08,66,No
701,S0702,Student_702,23,MALE,Data Engineering,2023-08-06,71,No
702,S0703,Student_703,31,FEMALE,Ai Fundamentals,2023-05-21,52,No
703,S0704,Student_704,27,MALE,Data Science,2023-01-05,70,No
704,S0705,Student_705,22,FEMALE,Ai Fundamentals,2023-08-29,95,No
705,S0706,Student_706,40,FEMALE,Ai Fundamentals,2023-07-24,74,No
706,S0707,Student_707,31,FEMALE,Ai Fundamentals,2023-04-22,93,No
707,S0708,Student_708,39,FEMALE,Data Engineering,2023-07-22,70,No
708,S0709,Student_709,35,FEMALE,Data Engineering,2023-09-10,95,No
709,S0710,Student_710,21,MALE,Data Engineering,2023-07-01,65,No
710,S0711,Student_711,31,MALE,Data Engineering,2023-08-27,83,No
711,S0712,Student_712,37,MALE,Data Engineering,2023-05-19,74,No
712,S0713,Student_713,44,FEMALE,Data Science,2023-09-01,74,No
713,S0714,Student_714,26,MALE,Ai Fundamentals,2023-02-13,90,No
714,S0715,Student_715,43,FEMALE,Ai Fundamentals,2023-09-20,77,No
715,S0716,Student_716,39,MALE,Data Science,2023-07-19,53,No
716,S0717,Student_717,31,MALE,Data Science,2023-01-01,69,No
717,S0718,Student_718,23,MALE,Data Science,2023-02-21,62,No
718,S0719,Student_719,40,FEMALE,Data Science,2023-06-12,100,No
719,S0720,Student_720,34,MALE,Data Engineering,2023-12-19,94,No
720,S0721,Student_721,43,FEMALE,Ai Fundamentals,2023-01-24,60,No
721,S0722,Student_722,32,MALE,Data Science,2023-07-19,59,No
722,S0723,Student_723,41,FEMALE,Cloud Computing,2023-10-02,78,No
723,S0724,Student_724,23,FEMALE,Data Science,2023-10-16,96,No
724,S0725,Student_725,19,FEMALE,Ai Fundamentals,2023-01-03,81,No
725,S0726,Student_726,23,FEMALE,Cloud Computing,2023-06-16,73,No
726,S0727,Student_727,24,FEMALE,Data Science,2023-09-26,63,No
727,S0728,Student_728,30,FEMALE,Data Engineering,2023-03-06,55,No
728,S0729,Student_729,44,FEMALE,Data Engineering,2023-09-10,95,No
729,S0730,Student_730,28,FEMALE,Cloud Computing,2023-03-14,90,No
730,S0731,Student_731,40,FEMALE,Data Engineering,2023-09-17,57,No
731,S0732,Student_732,32,FEMALE,Cloud Computing,2023-05-12,91,No
732,S0733,Student_733,26,MALE,Data Science,2023-08-19,96,No
733,S0734,Student_734,25,FEMALE,Ai Fundamentals,2023-05-15,66,No
734,S0735,Student_735,31,MALE,Cloud Computing,2023-11-11,100,No
735,S0736,Student_736,23,MALE,Data Science,2023-01-03,89,No
736,S0737,Student_737,33,FEMALE,Cloud Computing,2023-06-25,85,No
737,S0738,Student_738,28,MALE,Ai Fundamentals,2023-06-30,92,No
738,S0739,Student_739,21,FEMALE,Data Engineering,2023-02-28,78,No
739,S0740,Student_740,28,FEMALE,Data Engineering,2023-04-21,67,No
740,S0741,Student_741,36,MALE,Cloud Computing,2023-03-24,87,No
741,S0742,Student_742,43,FEMALE,Ai Fundamentals,2023-09-12,51,No
742,S0743,Student_743,43,MALE,Data Science,2023-03-22,67,No
743,S0744,Student_744,21,MALE,Data Science,2023-11-10,80,No
744,S0745,Student_745,32,MALE,Data Science,2023-06-21,84,No
745,S0746,Student_746,36,MALE,Cloud Computing,2023-10-17,53,No
746,S0747,Student_747,23,FEMALE,Data Engineering,2023-03-11,83,No
747,S0748,Student_748,44,FEMALE,Cloud Computing,2023-08-10,93,No
748,S0749,Student_749,22,FEMALE,Cloud Computing,2023-03-21,75,No
749,S0750,Student_750,35,MALE,Cloud Computing,2023-03-31,51,No
750,S0751,Student_751,23,FEMALE,Data Science,2023-10-08,84,No
751,S0752,Student_752,42,MALE,Ai Fundamentals,2023-12-23,99,No
752,S0753,Student_753,21,MALE,Cloud Computing,2023-07-08,89,No
753,S0754,Student_754,23,MALE,Data Science,2023-11-17,90,No
754,S0755,Student_755,26,MALE,Cloud Computing,2023-03-19,68,No
755,S0756,Student_756,22,MALE,Cloud Computing,2023-01-13,91,No
756,S0757,Student_757,44,MALE,Data Science,2023-07-18,71,No
757,S0758,Student_758,35,FEMALE,Ai Fundamentals,2023-04-24,97,No
758,S0759,Student_759,41,FEMALE,Ai Fundamentals,2023-02-19,78,No
759,S0760,Student_760,42,FEMALE,Data Engineering,2023-05-12,51,No
760,S0761,Student_761,19,MALE,Cloud Computing,2023-04-26,91,No
761,S0762,Student_762,36,MALE,Data Engineering,2023-06-27,88,No
762,S0763,Student_763,19,FEMALE,Data Science,2023-08-16,62,No
763,S0764,Student_764,32,FEMALE,Cloud Computing,2023-03-17,65,No
764,S0765,Student_765,35,FEMALE,Data Science,2023-01-18,78,No
765,S0766,Student_766,25,MALE,Data Engineering,2023-03-10,75,No
766,S0767,Student_767,39,FEMALE,Data Science,2023-10-31,100,No
767,S0768,Student_768,29,FEMALE,Data Science,2023-11-27,72,No
768,S0769,Student_769,32,MALE,Ai Fundamentals,2023-04-27,77,No
769,S0770,Student_770,34,MALE,Cloud Computing,2023-09-03,63,No
770,S0771,Student_771,38,FEMALE,Cloud Computing,2023-12-25,83,No
771,S0772,Student_772,19,FEMALE,Cloud Computing,2023-02-06,64,No
772,S0773,Student_773,35,MALE,Data Science,2023-10-09,58,No
773,S0774,Student_774,30,MALE,Ai Fundamentals,2023-02-05,54,No
774,S0775,Student_775,40,MALE,Data Engineering,2023-11-17,96,No
775,S0776,Student_776,32,MALE,Cloud Computing,2023-01-09,71,No
776,S0777,Student_777,40,FEMALE,Data Science,2023-09-20,95,No
777,S0778,Student_778,18,FEMALE,Ai Fundamentals,2023-04-12,78,No
778,S0779,Student_779,20,FEMALE,Ai Fundamentals,2023-03-24,72,No
779,S0780,Student_780,37,FEMALE,Cloud Computing,2023-01-18,64,No
780,S0781,Student_781,41,FEMALE,Ai Fundamentals,2023-09-17,50,No
781,S0782,Student_782,43,MALE,Ai Fundamentals,2023-05-07,100,No
782,S0783,Student_783,32,MALE,Data Science,2023-09-22,87,No
783,S0784,Student_784,36,FEMALE,Data Engineering,2023-02-17,100,No
784,S0785,Student_785,29,MALE,Ai Fundamentals,2023-02-13,59,No
785,S0786,Student_786,38,FEMALE,Data Engineering,2023-07-09,83,No
786,S0787,Student_787,27,FEMALE,Ai Fundamentals,2023-09-17,90,No
787,S0788,Student_788,32,FEMALE,Ai Fundamentals,2023-10-28,90,No
788,S0789,Student_789,18,FEMALE,Ai Fundamentals,2023-03-17,57,No
789,S0790,Student_790,30,MALE,Cloud Computing,2023-11-02,76,No
790,S0791,Student_791,40,FEMALE,Cloud Computing,2023-02-20,79,No
791,S0792,Student_792,27,FEMALE,Cloud Computing,2023-05-19,100,No
792,S0793,Student_793,36,FEMALE,Data Engineering,2023-06-21,67,No
793,S0794,Student_794,22,MALE,Data Engineering,2023-07-27,60,No
794,S0795,Student_795,25,FEMALE,Cloud Computing,2023-04-13,93,No
795,S0796,Student_796,21,MALE,Data Engineering,2023-03-04,83,No
796,S0797,Student_797,34,MALE,Data Science,2023-12-05,51,No
797,S0798,Student_798,30,FEMALE,Data Engineering,2023-09-11,88,No
798,S0799,Student_799,23,MALE,Data Science,2023-11-15,69,No
799,S0800,Student_800,38,MALE,Cloud Computing,2023-12-08,79,No
800,S0801,Student_801,31,FEMALE,Data Science,2023-08-14,56,No
801,S0802,Student_802,34,FEMALE,Cloud Computing,2023-03-31,55,No
802,S0803,Student_803,31,MALE,Cloud Computing,2023-01-02,54,No
803,S0804,Student_804,36,FEMALE,Cloud Computing,2023-05-19,52,No
804,S0805,Student_805,37,MALE,Data Engineering,2023-05-01,90,No
805,S0806,Student_806,35,FEMALE,Ai Fundamentals,2023-01-14,90,No
806,S0807,Student_807,25,FEMALE,Ai Fundamentals,2023-06-29,66,No
807,S0808,Student_808,44,FEMALE,Data Science,2023-11-19,57,No
808,S0809,Student_809,35,MALE,Ai Fundamentals,2023-07-30,90,No
809,S0810,Student_810,32,MALE,Cloud Computing,2023-08-01,74,No
810,S0811,Student_811,21,MALE,Ai Fundamentals,2023-05-16,73,No
811,S0812,Student_812,28,FEMALE,Data Science,2023-10-24,72,No
812,S0813,Student_813,38,MALE,Cloud Computing,2023-11-09,91,No
813,S0814,Student_814,28,FEMALE,Data Engineering,2023-12-08,56,No
814,S0815,Student_815,19,FEMALE,Cloud Computing,2023-02-07,64,No
815,S0816,Student_816,41,MALE,Cloud Computing,2023-07-31,89,No
816,S0817,Student_817,38,FEMALE,Data Science,2023-07-03,74,No
817,S0818,Student_818,34,MALE,Data Engineering,2023-01-01,81,No
818,S0819,Student_819,28,FEMALE,Cloud Computing,2023-08-02,70,No
819,S0820,Student_820,36,MALE,Data Engineering,2023-08-28,68,No
820,S0821,Student_821,44,FEMALE,Cloud Computing,2023-06-15,85,No
821,S0822,Student_822,41,FEMALE,Cloud Computing,2023-06-24,82,No
822,S0823,Student_823,38,MALE,Data Science,2023-08-21,70,No
823,S0824,Student_824,34,MALE,Cloud Computing,2023-12-15,74,No
824,S0825,Student_825,20,FEMALE,Cloud Computing,2023-03-05,82,No
825,S0826,Student_826,24,MALE,Cloud Computing,2023-02-27,77,No
826,S0827,Student_827,27,FEMALE,Ai Fundamentals,2023-04-11,94,No
827,S0828,Student_828,20,FEMALE,Data Engineering,2023-02-09,86,No
828,S0829,Student_829,38,FEMALE,Data Science,2023-07-13,68,No
829,S0830,Student_830,30,FEMALE,Data Science,2023-07-09,72,No
830,S0831,Student_831,27,FEMALE,Data Science,2023-07-17,84,No
831,S0832,Student_832,43,MALE,Cloud Computing,2023-12-14,81,No
832,S0833,Student_833,39,MALE,Data Engineering,2023-12-18,100,No
833,S0834,Student_834,22,MALE,Ai Fundamentals,2023-03-15,68,No
834,S0835,Student_835,44,FEMALE,Ai Fundamentals,2023-07-01,64,No
835,S0836,Student_836,22,MALE,Data Science,2023-01-08,57,No
836,S0837,Student_837,27,MALE,Data Engineering,2023-12-22,61,No
837,S0838,Student_838,28,MALE,Ai Fundamentals,2023-07-17,60,No
838,S0839,Student_839,30,FEMALE,Data Science,2023-06-19,88,No
839,S0840,Student_840,26,MALE,Ai Fundamentals,2023-10-12,91,No
840,S0841,Student_841,19,MALE,Ai Fundamentals,2023-09-04,72,No
841,S0842,Student_842,23,MALE,Data Engineering,2023-12-08,50,No
842,S0843,Student_843,25,FEMALE,Data Science,2023-09-25,84,No
843,S0844,Student_844,18,MALE,Ai Fundamentals,2023-01-04,67,No
844,S0845,Student_845,44,FEMALE,Cloud Computing,2023-10-02,92,No
845,S0846,Student_846,19,FEMALE,Cloud Computing,2023-02-16,56,No
846,S0847,Student_847,44,MALE,Ai Fundamentals,2023-12-28,53,No
847,S0848,Student_848,21,FEMALE,Data Engineering,2023-05-26,90,No
848,S0849,Student_849,43,MALE,Data Engineering,2023-04-22,77,No
849,S0850,Student_850,36,FEMALE,Ai Fundamentals,2023-06-05,62,No
850,S0851,Student_851,42,MALE,Data Engineering,2023-02-24,89,No
851,S0852,Student_852,36,MALE,Data Engineering,2023-04-22,71,No
852,S0853,Student_853,38,FEMALE,Cloud Computing,2023-07-21,75,No
853,S0854,Student_854,26,MALE,Data Science,2023-07-19,50,No
854,S0855,Student_855,36,FEMALE,Data Science,2023-03-13,93,No
855,S0856,Student_856,43,MALE,Ai Fundamentals,2023-12-24,84,No
856,S0857,Student_857,42,FEMALE,Ai Fundamentals,2023-04-21,51,No
857,S0858,Student_858,25,FEMALE,Ai Fundamentals,2023-06-24,98,No
858,S0859,Student_859,28,FEMALE,Cloud Computing,2023-06-12,93,No
859,S0860,Student_860,42,FEMALE,Cloud Computing,2023-06-11,87,No
860,S0861,Student_861,36,FEMALE,Data Engineering,2023-03-16,96,No
861,S0862,Student_862,21,MALE,Cloud Computing,2023-11-22,93,No
862,S0863,Student_863,30,MALE,Data Science,2023-10-30,75,No
863,S0864,Student_864,37,FEMALE,Cloud Computing,2023-07-31,73,No
864,S0865,Student_865,31,MALE,Ai Fundamentals,2023-08-12,92,No
865,S0866,Student_866,40,MALE,Data Science,2023-06-25,54,No
866,S0867,Student_867,18,FEMALE,Data Engineering,2023-04-15,57,No
867,S0868,Student_868,28,FEMALE,Data Science,2023-07-11,79,No
868,S0869,Student_869,21,FEMALE,Cloud Computing,2023-04-30,51,No
869,S0870,Student_870,24,FEMALE,Cloud Computing,2023-10-29,73,No
870,S0871,Student_871,21,MALE,Data Engineering,2023-07-03,73,No
871,S0872,Student_872,43,MALE,Ai Fundamentals,2023-04-21,74,No
872,S0873,Student_873,24,FEMALE,Data Engineering,2023-11-17,75,No
873,S0874,Student_874,37,MALE,Data Engineering,2023-12-24,55,No
874,S0875,Student_875,20,MALE,Data Engineering,2023-05-31,72,No
875,S0876,Student_876,36,FEMALE,Data Engineering,2023-01-06,99,No
876,S0877,Student_877,36,MALE,Cloud Computing,2023-02-05,66,No
877,S0878,Student_878,24,MALE,Ai Fundamentals,2023-10-19,81,No
878,S0879,Student_879,38,FEMALE,Data Science,2023-05-05,98,No
879,S0880,Student_880,29,MALE,Ai Fundamentals,2023-04-15,50,No
880,S0881,Student_881,40,MALE,Ai Fundamentals,2023-07-15,100,No
881,S0882,Student_882,18,MALE,Data Engineering,2023-06-06,53,No
882,S0883,Student_883,22,FEMALE,Ai Fundamentals,2023-04-02,83,No
883,S0884,Student_884,31,FEMALE,Data Engineering,2023-09-09,81,No
884,S0885,Student_885,27,MALE,Data Science,2023-05-18,56,No
885,S0886,Student_886,20,FEMALE,Data Engineering,2023-10-27,50,No
886,S0887,Student_887,19,MALE,Data Science,2023-05-12,58,No
887,S0888,Student_888,30,FEMALE,Ai Fundamentals,2023-04-18,74,No
888,S0889,Student_889,33,MALE,Data Engineering,2023-04-17,56,No
889,S0890,Student_890,40,FEMALE,Cloud Computing,2023-08-23,61,No
890,S0891,Student_891,19,MALE,Data Science,2023-05-13,54,No
891,S0892,Student_892,41,MALE,Ai Fundamentals,2023-06-07,87,No
892,S0893,Student_893,30,FEMALE,Data Science,2023-11-13,57,No
893,S0894,Student_894,23,MALE,Data Engineering,2023-01-03,75,No
894,S0895,Student_895,24,MALE,Cloud Computing,2023-03-11,92,No
895,S0896,Student_896,19,FEMALE,Data Science,2023-02-17,55,No
896,S0897,Student_897,28,FEMALE,Data Science,2023-07-24,87,No
897,S0898,Student_898,24,MALE,Data Science,2023-05-26,54,No
898,S0899,Student_899,24,MALE,Ai Fundamentals,2023-03-21,92,No
899,S0900,Student_900,24,MALE,Cloud Computing,2023-07-04,62,No
900,S0901,Student_901,24,FEMALE,Cloud Computing,2023-02-11,66,No
901,S0902,Student_902,29,FEMALE,Cloud Computing,2023-08-02,55,No
902,S0903,Student_903,36,MALE,Data Science,2023-04-15,63,No
903,S0904,Student_904,39,MALE,Data Science,2023-01-04,61,No
904,S0905,Student_905,36,MALE,Data Science,2023-07-08,72,No
905,S0906,Student_906,36,MALE,Data Science,2023-10-30,92,No
906,S0907,Student_907,37,FEMALE,Data Engineering,2023-06-09,89,No
907,S0908,Student_908,20,MALE,Data Engineering,2023-11-04,50,No
908,S0909,Student_909,30,MALE,Ai Fundamentals,2023-04-08,74,No
909,S0910,Student_910,27,FEMALE,Data Science,2023-06-25,98,No
910,S0911,Student_911,37,FEMALE,Ai Fundamentals,2023-09-25,77,No
911,S0912,Student_912,26,FEMALE,Cloud Computing,2023-12-26,80,No
912,S0913,Student_913,23,FEMALE,Data Science,2023-11-15,74,No
913,S0914,Student_914,38,MALE,Data Engineering,2023-05-17,78,No
914,S0915,Student_915,39,MALE,Data Science,2023-07-10,74,No
915,S0916,Student_916,29,FEMALE,Cloud Computing,2023-05-12,80,No
916,S0917,Student_917,19,FEMALE,Ai Fundamentals,2023-04-18,96,No
917,S0918,Student_918,29,MALE,Data Science,2023-11-07,82,No
918,S0919,Student_919,33,MALE,Data Engineering,2023-08-20,96,No
919,S0920,Student_920,30,MALE,Cloud Computing,2023-06-19,85,No
920,S0921,Student_921,33,FEMALE,Cloud Computing,2023-11-07,72,No
921,S0922,Student_922,30,FEMALE,Ai Fundamentals,2023-10-09,97,No
922,S0923,Student_923,39,FEMALE,Data Science,2023-03-13,58,No
923,S0924,Student_924,42,MALE,Data Engineering,2023-08-21,53,No
924,S0925,Student_925,36,MALE,Data Science,2023-12-16,86,No
925,S0926,Student_926,43,MALE,Data Engineering,2023-09-12,64,No
926,S0927,Student_927,31,FEMALE,Ai Fundamentals,2023-02-08,86,No
927,S0928,Student_928,30,FEMALE,Cloud Computing,2023-09-21,67,No
928,S0929,Student_929,27,MALE,Ai Fundamentals,2023-08-05,69,No
929,S0930,Student_930,39,MALE,Cloud Computing,2023-10-13,74,No
930,S0931,Student_931,24,FEMALE,Data Science,2023-11-04,74,No
931,S0932,Student_932,22,FEMALE,Cloud Computing,2023-07-04,85,No
932,S0933,Student_933,34,FEMALE,Data Engineering,2023-10-27,100,No
933,S0934,Student_934,26,MALE,Ai Fundamentals,2023-11-01,51,No
934,S0935,Student_935,44,MALE,Cloud Computing,2023-07-26,62,No
935,S0936,Student_936,23,FEMALE,Cloud Computing,2023-12-29,70,No
936,S0937,Student_937,33,MALE,Data Science,2023-07-28,57,No
937,S0938,Student_938,23,FEMALE,Data Science,2023-08-28,72,No
938,S0939,Student_939,23,MALE,Data Science,2023-05-10,94,No
939,S0940,Student_940,35,MALE,Data Engineering,2023-12-29,65,No
940,S0941,Student_941,18,MALE,Data Science,2023-02-23,82,No
941,S0942,Student_942,34,FEMALE,Cloud Computing,2023-09-01,83,No
942,S0943,Student_943,34,MALE,Data Engineering,2023-02-26,63,No
943,S0944,Student_944,18,FEMALE,Data Science,2023-05-24,51,No
944,S0945,Student_945,28,MALE,Cloud Computing,2023-12-03,53,No
945,S0946,Student_946,30,FEMALE,Data Engineering,2023-07-20,89,No
946,S0947,Student_947,18,FEMALE,Cloud Computing,2023-12-28,86,No
947,S0948,Student_948,44,FEMALE,Data Science,2023-05-29,88,No
948,S0949,Student_949,25,FEMALE,Data Science,2023-07-09,77,No
949,S0950,Student_950,40,FEMALE,Data Engineering,2023-07-11,84,No
950,S0951,Student_951,37,MALE,Ai Fundamentals,2023-11-07,95,No
951,S0952,Student_952,23,MALE,Cloud Computing,2023-05-09,88,No
952,S0953,Student_953,22,FEMALE,Cloud Computing,2023-05-04,97,No
953,S0954,Student_954,37,FEMALE,Ai Fundamentals,2023-11-02,75,No
954,S0955,Student_955,22,FEMALE,Ai Fundamentals,2023-07-18,66,No
955,S0956,Student_956,23,MALE,Cloud Computing,2023-10-14,98,No
956,S0957,Student_957,30,FEMALE,Data Engineering,2023-09-27,100,No
957,S0958,Student_958,44,MALE,Ai Fundamentals,2023-10-04,59,No
958,S0959,Student_959,35,FEMALE,Data Science,2023-11-28,75,No
959,S0960,Student_960,37,MALE,Data Engineering,2023-09-25,50,No
960,S0961,Student_961,30,FEMALE,Ai Fundamentals,2023-05-14,65,No
961,S0962,Student_962,24,MALE,Data Science,2023-05-25,66,No
962,S0963,Student_963,25,MALE,Data Science,2023-07-10,92,No
963,S0964,Student_964,38,FEMALE,Cloud Computing,2023-01-28,86,No
964,S0965,Student_965,34,FEMALE,Data Engineering,2023-12-31,57,No
965,S0966,Student_966,18,FEMALE,Ai Fundamentals,2023-09-04,73,No
966,S0967,Student_967,41,FEMALE,Data Science,2023-02-12,99,No
967,S0968,Student_968,33,MALE,Cloud Computing,2023-05-13,90,No
968,S0969,Student_969,28,MALE,Ai Fundamentals,2023-08-22,88,No
969,S0970,Student_970,21,MALE,Data Science,2023-06-17,95,No
970,S0971,Student_971,21,MALE,Cloud Computing,2023-02-07,87,No
971,S0972,Student_972,34,MALE,Data Science,2023-01-07,99,No
972,S0973,Student_973,34,MALE,Cloud Computing,2023-09-01,87,No
973,S0974,Student_974,27,FEMALE,Cloud Computing,2023-04-04,54,No
974,S0975,Student_975,38,MALE,Data Engineering,2023-11-11,84,No
975,S0976,Student_976,38,MALE,Ai Fundamentals,2023-03-18,72,No
976,S0977,Student_977,23,MALE,Cloud Computing,2023-03-06,99,No
977,S0978,Student_978,42,FEMALE,Data Science,2023-02-20,80,No
978,S0979,Student_979,42,MALE,Ai Fundamentals,2023-06-27,83,No
979,S0980,Student_980,34,FEMALE,Ai Fundamentals,2023-04-19,77,No
980,S0981,Student_981,35,MALE,Ai Fundamentals,2023-08-29,57,No
981,S0982,Student_982,39,MALE,Data Engineering,2023-02-20,63,No
982,S0983,Student_983,43,FEMALE,Cloud Computing,2023-10-10,75,No
983,S0984,Student_984,27,MALE,Cloud Computing,2023-06-18,87,No
984,S0985,Student_985,30,MALE,Cloud Computing,2023-11-14,81,No
985,S0986,Student_986,33,FEMALE,Cloud Computing,2023-06-26,86,No
986,S0987,Student_987,24,FEMALE,Data Science,2023-05-31,99,No
987,S0988,Student_988,32,MALE,Cloud Computing,2023-09-28,97,No
988,S0989,Student_989,19,MALE,Ai Fundamentals,2023-11-16,89,No
989,S0990,Student_990,22,FEMALE,Cloud Computing,2023-12-08,58,No
990,S0991,Student_991,34,FEMALE,Cloud Computing,2023-02-22,68,No
991,S0992,Student_992,22,FEMALE,Cloud Computing,2023-02-06,70,No
992,S0993,Student_993,25,FEMALE,Cloud Computing,2023-07-18,75,No
993,S0994,Student_994,41,MALE,Data Engineering,2023-08-23,89,No
994,S0995,Student_995,32,MALE,Ai Fundamentals,2023-02-08,79,No
995,S0996,Student_996,25,FEMALE,Data Engineering,2023-05-25,52,No
996,S0997,Student_997,40,MALE,Ai Fundamentals,2023-08-15,90,No
997,S0998,Student_998,20,FEMALE,Cloud Computing,2023-04-22,100,No
998,S0999,Student_999,40,FEMALE,Cloud Computing,2023-07-04,67,No
999,S1000,Student_1000,34,MALE,Ai Fundamentals,2023-09-09,90,No
